ID,endpoint
C1138121,https://myntfintech.testrail.io/index.php?/api/v2/get_case/1138121
C1138123,https://myntfintech.testrail.io/index.php?/api/v2/get_case/1138123
C1138125,https://myntfintech.testrail.io/index.php?/api/v2/get_case/1138125
C1138127,https://myntfintech.testrail.io/index.php?/api/v2/get_case/1138127
C1138173,https://myntfintech.testrail.io/index.php?/api/v2/get_case/1138173
C1138175,https://myntfintech.testrail.io/index.php?/api/v2/get_case/1138175
C1138181,https://myntfintech.testrail.io/index.php?/api/v2/get_case/1138181
C1138415,https://myntfintech.testrail.io/index.php?/api/v2/get_case/1138415
C1138416,https://myntfintech.testrail.io/index.php?/api/v2/get_case/1138416
C1138417,https://myntfintech.testrail.io/index.php?/api/v2/get_case/1138417
C1138418,https://myntfintech.testrail.io/index.php?/api/v2/get_case/1138418
C1138420,https://myntfintech.testrail.io/index.php?/api/v2/get_case/1138420
C1138422,https://myntfintech.testrail.io/index.php?/api/v2/get_case/1138422
C1138424,https://myntfintech.testrail.io/index.php?/api/v2/get_case/1138424
C1138426,https://myntfintech.testrail.io/index.php?/api/v2/get_case/1138426
C1138428,https://myntfintech.testrail.io/index.php?/api/v2/get_case/1138428
C1138430,https://myntfintech.testrail.io/index.php?/api/v2/get_case/1138430
C1138432,https://myntfintech.testrail.io/index.php?/api/v2/get_case/1138432
C1138434,https://myntfintech.testrail.io/index.php?/api/v2/get_case/1138434
C1138436,https://myntfintech.testrail.io/index.php?/api/v2/get_case/1138436
C1138438,https://myntfintech.testrail.io/index.php?/api/v2/get_case/1138438
C1138442,https://myntfintech.testrail.io/index.php?/api/v2/get_case/1138442
C1138443,https://myntfintech.testrail.io/index.php?/api/v2/get_case/1138443
C1138444,https://myntfintech.testrail.io/index.php?/api/v2/get_case/1138444
C1138446,https://myntfintech.testrail.io/index.php?/api/v2/get_case/1138446
C1138464,https://myntfintech.testrail.io/index.php?/api/v2/get_case/1138464
C1138468,https://myntfintech.testrail.io/index.php?/api/v2/get_case/1138468
C1138469,https://myntfintech.testrail.io/index.php?/api/v2/get_case/1138469
C1138491,https://myntfintech.testrail.io/index.php?/api/v2/get_case/1138491
C1138493,https://myntfintech.testrail.io/index.php?/api/v2/get_case/1138493
C1138495,https://myntfintech.testrail.io/index.php?/api/v2/get_case/1138495
C1138497,https://myntfintech.testrail.io/index.php?/api/v2/get_case/1138497
C1138500,https://myntfintech.testrail.io/index.php?/api/v2/get_case/1138500
C1138502,https://myntfintech.testrail.io/index.php?/api/v2/get_case/1138502
C1138505,https://myntfintech.testrail.io/index.php?/api/v2/get_case/1138505
C1138507,https://myntfintech.testrail.io/index.php?/api/v2/get_case/1138507
C1138510,https://myntfintech.testrail.io/index.php?/api/v2/get_case/1138510
C1138512,https://myntfintech.testrail.io/index.php?/api/v2/get_case/1138512
C1138515,https://myntfintech.testrail.io/index.php?/api/v2/get_case/1138515
C1138517,https://myntfintech.testrail.io/index.php?/api/v2/get_case/1138517
C1138472,https://myntfintech.testrail.io/index.php?/api/v2/get_case/1138472
C1138474,https://myntfintech.testrail.io/index.php?/api/v2/get_case/1138474
C1138478,https://myntfintech.testrail.io/index.php?/api/v2/get_case/1138478
C1138480,https://myntfintech.testrail.io/index.php?/api/v2/get_case/1138480
C1138483,https://myntfintech.testrail.io/index.php?/api/v2/get_case/1138483
C1138485,https://myntfintech.testrail.io/index.php?/api/v2/get_case/1138485
C1138487,https://myntfintech.testrail.io/index.php?/api/v2/get_case/1138487
C1138489,https://myntfintech.testrail.io/index.php?/api/v2/get_case/1138489
C1138643,https://myntfintech.testrail.io/index.php?/api/v2/get_case/1138643
C1138644,https://myntfintech.testrail.io/index.php?/api/v2/get_case/1138644
C1138652,https://myntfintech.testrail.io/index.php?/api/v2/get_case/1138652
C1138654,https://myntfintech.testrail.io/index.php?/api/v2/get_case/1138654
C1138656,https://myntfintech.testrail.io/index.php?/api/v2/get_case/1138656
C1138657,https://myntfintech.testrail.io/index.php?/api/v2/get_case/1138657
C1138658,https://myntfintech.testrail.io/index.php?/api/v2/get_case/1138658
C1138659,https://myntfintech.testrail.io/index.php?/api/v2/get_case/1138659
C1138660,https://myntfintech.testrail.io/index.php?/api/v2/get_case/1138660
C1138661,https://myntfintech.testrail.io/index.php?/api/v2/get_case/1138661
C1138662,https://myntfintech.testrail.io/index.php?/api/v2/get_case/1138662
C1138663,https://myntfintech.testrail.io/index.php?/api/v2/get_case/1138663
C1138664,https://myntfintech.testrail.io/index.php?/api/v2/get_case/1138664
C1138665,https://myntfintech.testrail.io/index.php?/api/v2/get_case/1138665
C1138666,https://myntfintech.testrail.io/index.php?/api/v2/get_case/1138666
C1138667,https://myntfintech.testrail.io/index.php?/api/v2/get_case/1138667
C1138668,https://myntfintech.testrail.io/index.php?/api/v2/get_case/1138668
C1138669,https://myntfintech.testrail.io/index.php?/api/v2/get_case/1138669
C1138670,https://myntfintech.testrail.io/index.php?/api/v2/get_case/1138670
C1138671,https://myntfintech.testrail.io/index.php?/api/v2/get_case/1138671
C85779,https://myntfintech.testrail.io/index.php?/api/v2/get_case/85779
C85780,https://myntfintech.testrail.io/index.php?/api/v2/get_case/85780
C85781,https://myntfintech.testrail.io/index.php?/api/v2/get_case/85781
C85782,https://myntfintech.testrail.io/index.php?/api/v2/get_case/85782
C85783,https://myntfintech.testrail.io/index.php?/api/v2/get_case/85783
C85784,https://myntfintech.testrail.io/index.php?/api/v2/get_case/85784
C85785,https://myntfintech.testrail.io/index.php?/api/v2/get_case/85785
C85786,https://myntfintech.testrail.io/index.php?/api/v2/get_case/85786
C85787,https://myntfintech.testrail.io/index.php?/api/v2/get_case/85787
C85788,https://myntfintech.testrail.io/index.php?/api/v2/get_case/85788
C85789,https://myntfintech.testrail.io/index.php?/api/v2/get_case/85789
C85821,https://myntfintech.testrail.io/index.php?/api/v2/get_case/85821
C85822,https://myntfintech.testrail.io/index.php?/api/v2/get_case/85822
C85823,https://myntfintech.testrail.io/index.php?/api/v2/get_case/85823
C85824,https://myntfintech.testrail.io/index.php?/api/v2/get_case/85824
C85825,https://myntfintech.testrail.io/index.php?/api/v2/get_case/85825
C85826,https://myntfintech.testrail.io/index.php?/api/v2/get_case/85826
C85832,https://myntfintech.testrail.io/index.php?/api/v2/get_case/85832
C85833,https://myntfintech.testrail.io/index.php?/api/v2/get_case/85833
C85834,https://myntfintech.testrail.io/index.php?/api/v2/get_case/85834
C170783,https://myntfintech.testrail.io/index.php?/api/v2/get_case/170783
C170784,https://myntfintech.testrail.io/index.php?/api/v2/get_case/170784
C170785,https://myntfintech.testrail.io/index.php?/api/v2/get_case/170785
C170786,https://myntfintech.testrail.io/index.php?/api/v2/get_case/170786
C170793,https://myntfintech.testrail.io/index.php?/api/v2/get_case/170793
C170857,https://myntfintech.testrail.io/index.php?/api/v2/get_case/170857
C170858,https://myntfintech.testrail.io/index.php?/api/v2/get_case/170858
C170859,https://myntfintech.testrail.io/index.php?/api/v2/get_case/170859
C170860,https://myntfintech.testrail.io/index.php?/api/v2/get_case/170860
C490761,https://myntfintech.testrail.io/index.php?/api/v2/get_case/490761
C490763,https://myntfintech.testrail.io/index.php?/api/v2/get_case/490763
C490765,https://myntfintech.testrail.io/index.php?/api/v2/get_case/490765
C490766,https://myntfintech.testrail.io/index.php?/api/v2/get_case/490766
C490767,https://myntfintech.testrail.io/index.php?/api/v2/get_case/490767
C490768,https://myntfintech.testrail.io/index.php?/api/v2/get_case/490768
C490794,https://myntfintech.testrail.io/index.php?/api/v2/get_case/490794
C490817,https://myntfintech.testrail.io/index.php?/api/v2/get_case/490817
C490826,https://myntfintech.testrail.io/index.php?/api/v2/get_case/490826
C490828,https://myntfintech.testrail.io/index.php?/api/v2/get_case/490828
C490829,https://myntfintech.testrail.io/index.php?/api/v2/get_case/490829
C490838,https://myntfintech.testrail.io/index.php?/api/v2/get_case/490838
C490846,https://myntfintech.testrail.io/index.php?/api/v2/get_case/490846
C490848,https://myntfintech.testrail.io/index.php?/api/v2/get_case/490848
C490858,https://myntfintech.testrail.io/index.php?/api/v2/get_case/490858
C490859,https://myntfintech.testrail.io/index.php?/api/v2/get_case/490859
C490862,https://myntfintech.testrail.io/index.php?/api/v2/get_case/490862
C490863,https://myntfintech.testrail.io/index.php?/api/v2/get_case/490863
C490866,https://myntfintech.testrail.io/index.php?/api/v2/get_case/490866
C490867,https://myntfintech.testrail.io/index.php?/api/v2/get_case/490867
C490870,https://myntfintech.testrail.io/index.php?/api/v2/get_case/490870
C490871,https://myntfintech.testrail.io/index.php?/api/v2/get_case/490871
C490875,https://myntfintech.testrail.io/index.php?/api/v2/get_case/490875
C490904,https://myntfintech.testrail.io/index.php?/api/v2/get_case/490904
C490905,https://myntfintech.testrail.io/index.php?/api/v2/get_case/490905
C490906,https://myntfintech.testrail.io/index.php?/api/v2/get_case/490906
C490907,https://myntfintech.testrail.io/index.php?/api/v2/get_case/490907
C490908,https://myntfintech.testrail.io/index.php?/api/v2/get_case/490908
C490909,https://myntfintech.testrail.io/index.php?/api/v2/get_case/490909
C490914,https://myntfintech.testrail.io/index.php?/api/v2/get_case/490914
C490915,https://myntfintech.testrail.io/index.php?/api/v2/get_case/490915
C490916,https://myntfintech.testrail.io/index.php?/api/v2/get_case/490916
C490917,https://myntfintech.testrail.io/index.php?/api/v2/get_case/490917
C490918,https://myntfintech.testrail.io/index.php?/api/v2/get_case/490918
C490919,https://myntfintech.testrail.io/index.php?/api/v2/get_case/490919
C491000,https://myntfintech.testrail.io/index.php?/api/v2/get_case/491000
C491001,https://myntfintech.testrail.io/index.php?/api/v2/get_case/491001
C491002,https://myntfintech.testrail.io/index.php?/api/v2/get_case/491002
C491003,https://myntfintech.testrail.io/index.php?/api/v2/get_case/491003
C491004,https://myntfintech.testrail.io/index.php?/api/v2/get_case/491004
C491005,https://myntfintech.testrail.io/index.php?/api/v2/get_case/491005
C491006,https://myntfintech.testrail.io/index.php?/api/v2/get_case/491006
C491007,https://myntfintech.testrail.io/index.php?/api/v2/get_case/491007
C491008,https://myntfintech.testrail.io/index.php?/api/v2/get_case/491008
C491018,https://myntfintech.testrail.io/index.php?/api/v2/get_case/491018
C491019,https://myntfintech.testrail.io/index.php?/api/v2/get_case/491019
C491020,https://myntfintech.testrail.io/index.php?/api/v2/get_case/491020
C491021,https://myntfintech.testrail.io/index.php?/api/v2/get_case/491021
C491022,https://myntfintech.testrail.io/index.php?/api/v2/get_case/491022
C491023,https://myntfintech.testrail.io/index.php?/api/v2/get_case/491023
C491024,https://myntfintech.testrail.io/index.php?/api/v2/get_case/491024
C491025,https://myntfintech.testrail.io/index.php?/api/v2/get_case/491025
C491026,https://myntfintech.testrail.io/index.php?/api/v2/get_case/491026
C491027,https://myntfintech.testrail.io/index.php?/api/v2/get_case/491027
C491028,https://myntfintech.testrail.io/index.php?/api/v2/get_case/491028
C491029,https://myntfintech.testrail.io/index.php?/api/v2/get_case/491029
C491030,https://myntfintech.testrail.io/index.php?/api/v2/get_case/491030
C491031,https://myntfintech.testrail.io/index.php?/api/v2/get_case/491031
C491032,https://myntfintech.testrail.io/index.php?/api/v2/get_case/491032
C491033,https://myntfintech.testrail.io/index.php?/api/v2/get_case/491033
C491034,https://myntfintech.testrail.io/index.php?/api/v2/get_case/491034
C491035,https://myntfintech.testrail.io/index.php?/api/v2/get_case/491035
C491638,https://myntfintech.testrail.io/index.php?/api/v2/get_case/491638
C491639,https://myntfintech.testrail.io/index.php?/api/v2/get_case/491639
C491640,https://myntfintech.testrail.io/index.php?/api/v2/get_case/491640
C491641,https://myntfintech.testrail.io/index.php?/api/v2/get_case/491641
C491654,https://myntfintech.testrail.io/index.php?/api/v2/get_case/491654
C491655,https://myntfintech.testrail.io/index.php?/api/v2/get_case/491655
C491656,https://myntfintech.testrail.io/index.php?/api/v2/get_case/491656
C491657,https://myntfintech.testrail.io/index.php?/api/v2/get_case/491657
C491658,https://myntfintech.testrail.io/index.php?/api/v2/get_case/491658
C491659,https://myntfintech.testrail.io/index.php?/api/v2/get_case/491659
C491660,https://myntfintech.testrail.io/index.php?/api/v2/get_case/491660
C491661,https://myntfintech.testrail.io/index.php?/api/v2/get_case/491661
C491662,https://myntfintech.testrail.io/index.php?/api/v2/get_case/491662
C491663,https://myntfintech.testrail.io/index.php?/api/v2/get_case/491663
C491664,https://myntfintech.testrail.io/index.php?/api/v2/get_case/491664
C491665,https://myntfintech.testrail.io/index.php?/api/v2/get_case/491665
C491666,https://myntfintech.testrail.io/index.php?/api/v2/get_case/491666
C491667,https://myntfintech.testrail.io/index.php?/api/v2/get_case/491667
C491668,https://myntfintech.testrail.io/index.php?/api/v2/get_case/491668
C491669,https://myntfintech.testrail.io/index.php?/api/v2/get_case/491669
C491670,https://myntfintech.testrail.io/index.php?/api/v2/get_case/491670
C491671,https://myntfintech.testrail.io/index.php?/api/v2/get_case/491671
C670737,https://myntfintech.testrail.io/index.php?/api/v2/get_case/670737
C670739,https://myntfintech.testrail.io/index.php?/api/v2/get_case/670739
C670741,https://myntfintech.testrail.io/index.php?/api/v2/get_case/670741
C670743,https://myntfintech.testrail.io/index.php?/api/v2/get_case/670743
C670745,https://myntfintech.testrail.io/index.php?/api/v2/get_case/670745
C670747,https://myntfintech.testrail.io/index.php?/api/v2/get_case/670747
C670754,https://myntfintech.testrail.io/index.php?/api/v2/get_case/670754
C670756,https://myntfintech.testrail.io/index.php?/api/v2/get_case/670756
C670758,https://myntfintech.testrail.io/index.php?/api/v2/get_case/670758
C670760,https://myntfintech.testrail.io/index.php?/api/v2/get_case/670760
C670762,https://myntfintech.testrail.io/index.php?/api/v2/get_case/670762
C670764,https://myntfintech.testrail.io/index.php?/api/v2/get_case/670764
C670817,https://myntfintech.testrail.io/index.php?/api/v2/get_case/670817
C670819,https://myntfintech.testrail.io/index.php?/api/v2/get_case/670819
C670821,https://myntfintech.testrail.io/index.php?/api/v2/get_case/670821
C670823,https://myntfintech.testrail.io/index.php?/api/v2/get_case/670823
C670825,https://myntfintech.testrail.io/index.php?/api/v2/get_case/670825
C670827,https://myntfintech.testrail.io/index.php?/api/v2/get_case/670827
C670834,https://myntfintech.testrail.io/index.php?/api/v2/get_case/670834
C670836,https://myntfintech.testrail.io/index.php?/api/v2/get_case/670836
C670838,https://myntfintech.testrail.io/index.php?/api/v2/get_case/670838
C670840,https://myntfintech.testrail.io/index.php?/api/v2/get_case/670840
C670842,https://myntfintech.testrail.io/index.php?/api/v2/get_case/670842
C670844,https://myntfintech.testrail.io/index.php?/api/v2/get_case/670844
C963761,https://myntfintech.testrail.io/index.php?/api/v2/get_case/963761
C963762,https://myntfintech.testrail.io/index.php?/api/v2/get_case/963762
C963763,https://myntfintech.testrail.io/index.php?/api/v2/get_case/963763
C963764,https://myntfintech.testrail.io/index.php?/api/v2/get_case/963764
C963765,https://myntfintech.testrail.io/index.php?/api/v2/get_case/963765
C963766,https://myntfintech.testrail.io/index.php?/api/v2/get_case/963766
C963767,https://myntfintech.testrail.io/index.php?/api/v2/get_case/963767
C963768,https://myntfintech.testrail.io/index.php?/api/v2/get_case/963768
C963769,https://myntfintech.testrail.io/index.php?/api/v2/get_case/963769
C963770,https://myntfintech.testrail.io/index.php?/api/v2/get_case/963770
C963771,https://myntfintech.testrail.io/index.php?/api/v2/get_case/963771
C963803,https://myntfintech.testrail.io/index.php?/api/v2/get_case/963803
C963804,https://myntfintech.testrail.io/index.php?/api/v2/get_case/963804
C963805,https://myntfintech.testrail.io/index.php?/api/v2/get_case/963805
C963806,https://myntfintech.testrail.io/index.php?/api/v2/get_case/963806
C963807,https://myntfintech.testrail.io/index.php?/api/v2/get_case/963807
C963808,https://myntfintech.testrail.io/index.php?/api/v2/get_case/963808
C963814,https://myntfintech.testrail.io/index.php?/api/v2/get_case/963814
C963815,https://myntfintech.testrail.io/index.php?/api/v2/get_case/963815
C963816,https://myntfintech.testrail.io/index.php?/api/v2/get_case/963816
C92523,https://myntfintech.testrail.io/index.php?/api/v2/get_case/92523
C92524,https://myntfintech.testrail.io/index.php?/api/v2/get_case/92524
C92526,https://myntfintech.testrail.io/index.php?/api/v2/get_case/92526
C92527,https://myntfintech.testrail.io/index.php?/api/v2/get_case/92527
C92529,https://myntfintech.testrail.io/index.php?/api/v2/get_case/92529
C92530,https://myntfintech.testrail.io/index.php?/api/v2/get_case/92530
C117491,https://myntfintech.testrail.io/index.php?/api/v2/get_case/117491
C117493,https://myntfintech.testrail.io/index.php?/api/v2/get_case/117493
C117495,https://myntfintech.testrail.io/index.php?/api/v2/get_case/117495
C117501,https://myntfintech.testrail.io/index.php?/api/v2/get_case/117501
C117504,https://myntfintech.testrail.io/index.php?/api/v2/get_case/117504
C117505,https://myntfintech.testrail.io/index.php?/api/v2/get_case/117505
C117506,https://myntfintech.testrail.io/index.php?/api/v2/get_case/117506
C117507,https://myntfintech.testrail.io/index.php?/api/v2/get_case/117507
C117509,https://myntfintech.testrail.io/index.php?/api/v2/get_case/117509
C487548,https://myntfintech.testrail.io/index.php?/api/v2/get_case/487548
C487549,https://myntfintech.testrail.io/index.php?/api/v2/get_case/487549
C487550,https://myntfintech.testrail.io/index.php?/api/v2/get_case/487550
C487551,https://myntfintech.testrail.io/index.php?/api/v2/get_case/487551
C671689,https://myntfintech.testrail.io/index.php?/api/v2/get_case/671689
C671690,https://myntfintech.testrail.io/index.php?/api/v2/get_case/671690
C671691,https://myntfintech.testrail.io/index.php?/api/v2/get_case/671691
C1097771,https://myntfintech.testrail.io/index.php?/api/v2/get_case/1097771
C1097772,https://myntfintech.testrail.io/index.php?/api/v2/get_case/1097772
C1097773,https://myntfintech.testrail.io/index.php?/api/v2/get_case/1097773
C1097774,https://myntfintech.testrail.io/index.php?/api/v2/get_case/1097774
C1097775,https://myntfintech.testrail.io/index.php?/api/v2/get_case/1097775
C1097776,https://myntfintech.testrail.io/index.php?/api/v2/get_case/1097776
C1097777,https://myntfintech.testrail.io/index.php?/api/v2/get_case/1097777
C1097778,https://myntfintech.testrail.io/index.php?/api/v2/get_case/1097778
C1097779,https://myntfintech.testrail.io/index.php?/api/v2/get_case/1097779
C1097780,https://myntfintech.testrail.io/index.php?/api/v2/get_case/1097780
C1097781,https://myntfintech.testrail.io/index.php?/api/v2/get_case/1097781
C1097782,https://myntfintech.testrail.io/index.php?/api/v2/get_case/1097782
C1097783,https://myntfintech.testrail.io/index.php?/api/v2/get_case/1097783
C1098268,https://myntfintech.testrail.io/index.php?/api/v2/get_case/1098268
C1098269,https://myntfintech.testrail.io/index.php?/api/v2/get_case/1098269
C1098270,https://myntfintech.testrail.io/index.php?/api/v2/get_case/1098270
C1098271,https://myntfintech.testrail.io/index.php?/api/v2/get_case/1098271
C1098272,https://myntfintech.testrail.io/index.php?/api/v2/get_case/1098272
C1098273,https://myntfintech.testrail.io/index.php?/api/v2/get_case/1098273
C1098274,https://myntfintech.testrail.io/index.php?/api/v2/get_case/1098274
C1098275,https://myntfintech.testrail.io/index.php?/api/v2/get_case/1098275
C1098276,https://myntfintech.testrail.io/index.php?/api/v2/get_case/1098276
C1499678,https://myntfintech.testrail.io/index.php?/api/v2/get_case/1499678
C1499679,https://myntfintech.testrail.io/index.php?/api/v2/get_case/1499679
C1499680,https://myntfintech.testrail.io/index.php?/api/v2/get_case/1499680
C1499681,https://myntfintech.testrail.io/index.php?/api/v2/get_case/1499681
C1499682,https://myntfintech.testrail.io/index.php?/api/v2/get_case/1499682
C1499683,https://myntfintech.testrail.io/index.php?/api/v2/get_case/1499683
C1542968,https://myntfintech.testrail.io/index.php?/api/v2/get_case/1542968
C1542969,https://myntfintech.testrail.io/index.php?/api/v2/get_case/1542969
C1610365,https://myntfintech.testrail.io/index.php?/api/v2/get_case/1610365
C1610366,https://myntfintech.testrail.io/index.php?/api/v2/get_case/1610366
C1509701,https://myntfintech.testrail.io/index.php?/api/v2/get_case/1509701
C1509702,https://myntfintech.testrail.io/index.php?/api/v2/get_case/1509702
C1509703,https://myntfintech.testrail.io/index.php?/api/v2/get_case/1509703
C1509704,https://myntfintech.testrail.io/index.php?/api/v2/get_case/1509704
C1509705,https://myntfintech.testrail.io/index.php?/api/v2/get_case/1509705
C1509706,https://myntfintech.testrail.io/index.php?/api/v2/get_case/1509706
C1509707,https://myntfintech.testrail.io/index.php?/api/v2/get_case/1509707
C1509708,https://myntfintech.testrail.io/index.php?/api/v2/get_case/1509708
C1509713,https://myntfintech.testrail.io/index.php?/api/v2/get_case/1509713
C1509714,https://myntfintech.testrail.io/index.php?/api/v2/get_case/1509714
C1509715,https://myntfintech.testrail.io/index.php?/api/v2/get_case/1509715
C1509716,https://myntfintech.testrail.io/index.php?/api/v2/get_case/1509716
C1509717,https://myntfintech.testrail.io/index.php?/api/v2/get_case/1509717
C1509718,https://myntfintech.testrail.io/index.php?/api/v2/get_case/1509718
C1509722,https://myntfintech.testrail.io/index.php?/api/v2/get_case/1509722
C1509723,https://myntfintech.testrail.io/index.php?/api/v2/get_case/1509723
C1509724,https://myntfintech.testrail.io/index.php?/api/v2/get_case/1509724
C1509725,https://myntfintech.testrail.io/index.php?/api/v2/get_case/1509725
C1509728,https://myntfintech.testrail.io/index.php?/api/v2/get_case/1509728
C1509729,https://myntfintech.testrail.io/index.php?/api/v2/get_case/1509729
C1509730,https://myntfintech.testrail.io/index.php?/api/v2/get_case/1509730
C1509731,https://myntfintech.testrail.io/index.php?/api/v2/get_case/1509731
C1216347,https://myntfintech.testrail.io/index.php?/api/v2/get_case/1216347
C1216348,https://myntfintech.testrail.io/index.php?/api/v2/get_case/1216348
C1216349,https://myntfintech.testrail.io/index.php?/api/v2/get_case/1216349
C1543595,https://myntfintech.testrail.io/index.php?/api/v2/get_case/1543595
C1543596,https://myntfintech.testrail.io/index.php?/api/v2/get_case/1543596
C1543597,https://myntfintech.testrail.io/index.php?/api/v2/get_case/1543597
